{
  "version": 1,
  "width": 80,
  "height": 25,
  "duration": 184.557356,
  "command": null,
  "title": null,
  "env": {
    "TERM": "xterm-256color",
    "SHELL": "/bin/bash"
  },
  "stdout": [
    [
      4.717049,
      "\u001b[?1034h\u001b[0;32m✔\u001b[0;0m \u001b[0;33m~/Dev/talks/hello_rust/videos\u001b[0;0m [\u001b[0;35mmaster\u001b[0;0m|\u001b[0;34m✚ 1\u001b[0;0m\u001b[0;36m…2\u001b[0;0m\u001b[0;0m] \r\r\n\u001b[0;37m17:44\u001b[0;0m $ "
    ],
    [
      0.884702,
      "doc"
    ],
    [
      3.8e-05,
      "ker run --rm"
    ],
    [
      2.4e-05,
      " -"
    ],
    [
      0.000226,
      "-name hello"
    ],
    [
      4.2e-05,
      "_rus"
    ],
    [
      2.1e-05,
      "t -"
    ],
    [
      3.2e-05,
      "i"
    ],
    [
      2.3e-05,
      "t "
    ],
    [
      9e-05,
      "booya"
    ],
    [
      2.3e-05,
      "a/"
    ],
    [
      3.6e-05,
      "h"
    ],
    [
      2.4e-05,
      "el"
    ],
    [
      3.6e-05,
      "l"
    ],
    [
      2.2e-05,
      "o_"
    ],
    [
      2e-05,
      "r"
    ],
    [
      3.2e-05,
      "u"
    ],
    [
      4e-05,
      "st:"
    ],
    [
      2.1e-05,
      "r"
    ],
    [
      1.8e-05,
      "u"
    ],
    [
      2e-05,
      "s"
    ],
    [
      4.2e-05,
      "t"
    ],
    [
      2.2e-05,
      "up"
    ],
    [
      0.729077,
      "\r\n"
    ],
    [
      1.123265,
      "\u001b]0;ferris@3c7f2e198b5e: ~\u0007ferris@3c7f2e198b5e:~$ "
    ],
    [
      6.435917,
      "\r\u001b[K\u001b]0;ferris@3c7f2e198b5e: ~\u0007ferris@3c7f2e198b5e:~$ source $HOME/.cargo/env && export USER=ferris && clear\r\n"
    ],
    [
      0.005004,
      "\u001b[3;J\u001b[H\u001b[2J\u001b]0;ferris@3c7f2e198b5e: ~\u0007ferris@3c7f2e198b5e:~$ \u001b[K"
    ],
    [
      3.914078,
      "r"
    ],
    [
      0.227381,
      "u"
    ],
    [
      0.123308,
      "s"
    ],
    [
      0.043229,
      "t"
    ],
    [
      0.070086,
      "u"
    ],
    [
      0.06044,
      "p"
    ],
    [
      0.196097,
      " "
    ],
    [
      0.116819,
      "s"
    ],
    [
      0.10082,
      "h"
    ],
    [
      0.030253,
      "o"
    ],
    [
      0.084105,
      "w"
    ],
    [
      0.511669,
      "\r\n\u001b[1mDefault host: \u001b(B\u001b[mx86_64-unknown-linux-gnu\r\n\r\n"
    ],
    [
      0.009318,
      "stable-x86_64-unknown-linux-gnu (default)\r\n"
    ],
    [
      0.057151,
      "rustc 1.20.0 (f3d6973f4 2017-08-27)\r\n"
    ],
    [
      0.000364,
      "\u001b]0;ferris@3c7f2e198b5e: ~\u0007ferris@3c7f2e198b5e:~$ "
    ],
    [
      5.275367,
      "r"
    ],
    [
      0.122531,
      "u"
    ],
    [
      0.288335,
      "s"
    ],
    [
      0.056317,
      "t"
    ],
    [
      0.596323,
      "u"
    ],
    [
      0.055728,
      "p"
    ],
    [
      0.184134,
      " "
    ],
    [
      1.896719,
      "i"
    ],
    [
      0.108275,
      "n"
    ],
    [
      0.075599,
      "s"
    ],
    [
      0.076614,
      "t"
    ],
    [
      0.104205,
      "a"
    ],
    [
      0.104366,
      "l"
    ],
    [
      0.117219,
      "l"
    ],
    [
      0.134061,
      " "
    ],
    [
      0.183672,
      "n"
    ],
    [
      0.180252,
      "i"
    ],
    [
      0.124612,
      "g"
    ],
    [
      0.060202,
      "h"
    ],
    [
      0.129768,
      "t"
    ],
    [
      0.116005,
      "l"
    ],
    [
      0.155607,
      "y"
    ],
    [
      0.172154,
      " "
    ],
    [
      0.537428,
      "\b \b"
    ],
    [
      2.804302,
      "\r\n"
    ],
    [
      0.009789,
      "\u001b[1minfo: \u001b(B\u001b[msyncing channel updates for 'nightly-x86_64-unknown-linux-gnu'\r\n"
    ],
    [
      0.518485,
      "\u001b[1minfo: \u001b(B\u001b[mlatest update on 2017-09-10, rust version 1.22.0-nightly (ddd123ed9 2017-09-09)\r\n"
    ],
    [
      0.000386,
      "\u001b[1minfo: \u001b(B\u001b[mdownloading component 'rustc'\r\n"
    ],
    [
      1.096546,
      "  4.1 MiB /  42.4 MiB ( 10 %)   0 B/s ETA: Unknown                "
    ],
    [
      1.016727,
      "\r  8.0 MiB /  42.4 MiB ( 19 %)   4.1 MiB/s ETA:   8 s                "
    ],
    [
      1.025836,
      "\r 12.2 MiB /  42.4 MiB ( 29 %)   4.0 MiB/s ETA:   8 s                "
    ],
    [
      1.001199,
      "\r 16.0 MiB /  42.4 MiB ( 38 %)   4.1 MiB/s ETA:   7 s                "
    ],
    [
      1.002247,
      "\r 19.3 MiB /  42.4 MiB ( 46 %)   4.0 MiB/s ETA:   6 s                "
    ],
    [
      1.002126,
      "\r 23.1 MiB /  42.4 MiB ( 54 %)   3.9 MiB/s ETA:   5 s                "
    ],
    [
      1.005963,
      "\r 26.9 MiB /  42.4 MiB ( 63 %)   3.8 MiB/s ETA:   4 s                "
    ],
    [
      1.036196,
      "\r 30.9 MiB /  42.4 MiB ( 73 %)   3.8 MiB/s ETA:   3 s                "
    ],
    [
      1.048424,
      "\r 35.2 MiB /  42.4 MiB ( 83 %)   3.7 MiB/s ETA:   2 s                "
    ],
    [
      1.057136,
      "\r 39.6 MiB /  42.4 MiB ( 93 %)   3.8 MiB/s ETA:   1 s                "
    ],
    [
      1.00837,
      "\r 42.4 MiB /  42.4 MiB (100 %)   4.1 MiB/s ETA:   0 s                "
    ],
    [
      0.006188,
      "\r\r\n\u001b[1minfo: \u001b(B\u001b[mdownloading component 'rust-std'\r\n"
    ],
    [
      1.078722,
      "  4.3 MiB /  60.4 MiB (  7 %)   0 B/s ETA: Unknown                "
    ],
    [
      1.04409,
      "\r  8.9 MiB /  60.4 MiB ( 15 %)   4.3 MiB/s ETA:  12 s                "
    ],
    [
      1.048477,
      "\r 13.3 MiB /  60.4 MiB ( 22 %)   4.4 MiB/s ETA:  11 s                "
    ],
    [
      1.04977,
      "\r 17.1 MiB /  60.4 MiB ( 28 %)   4.4 MiB/s ETA:  10 s                "
    ],
    [
      1.046972,
      "\r 21.5 MiB /  60.4 MiB ( 36 %)   4.3 MiB/s ETA:   9 s                "
    ],
    [
      1.05078,
      "\r 25.9 MiB /  60.4 MiB ( 43 %)   4.3 MiB/s ETA:   8 s                "
    ],
    [
      1.04789,
      "\r 30.3 MiB /  60.4 MiB ( 50 %)   4.3 MiB/s ETA:   7 s                "
    ],
    [
      1.061737,
      "\r 34.6 MiB /  60.4 MiB ( 57 %)   4.3 MiB/s ETA:   6 s                "
    ],
    [
      1.14026,
      "\r 38.8 MiB /  60.4 MiB ( 64 %)   4.3 MiB/s ETA:   5 s                "
    ],
    [
      1.003593,
      "\r 42.7 MiB /  60.4 MiB ( 71 %)   4.3 MiB/s ETA:   4 s                "
    ],
    [
      1.00241,
      "\r 46.7 MiB /  60.4 MiB ( 77 %)   4.2 MiB/s ETA:   3 s                "
    ],
    [
      1.035129,
      "\r 50.7 MiB /  60.4 MiB ( 84 %)   4.2 MiB/s ETA:   2 s                "
    ],
    [
      1.047983,
      "\r 54.9 MiB /  60.4 MiB ( 91 %)   4.1 MiB/s ETA:   1 s                "
    ],
    [
      1.048719,
      "\r 58.8 MiB /  60.4 MiB ( 97 %)   4.1 MiB/s ETA:   0 s                "
    ],
    [
      0.709981,
      "\r 60.4 MiB /  60.4 MiB (100 %)   4.0 MiB/s ETA:   0 s                \r\r\n"
    ],
    [
      0.001471,
      "\u001b[1m"
    ],
    [
      0.0007,
      "info: \u001b(B\u001b[m"
    ],
    [
      0.000109,
      "downloading component 'cargo'\r\n"
    ],
    [
      3.268062,
      "  3.4 MiB /   3.7 MiB ( 92 %)   0 B/s ETA: Unknown                "
    ],
    [
      0.11626,
      "\r  3.7 MiB /   3.7 MiB (100 %)   3.4 MiB/s ETA:   0 s                \r\r\n"
    ],
    [
      0.000655,
      "\u001b[1minfo: \u001b(B\u001b[mdownloading component 'rust-docs'\r\n"
    ],
    [
      1.06683,
      "\u001b[1minfo: \u001b(B\u001b[minstalling component 'rustc'\r\n"
    ],
    [
      6.427678,
      "\u001b[1minfo: \u001b(B\u001b[minstalling component 'rust-std'\r\n"
    ],
    [
      9.581105,
      "\u001b[1minfo: \u001b(B\u001b[minstalling component 'cargo'\r\n"
    ],
    [
      0.649259,
      "\u001b[1minfo: \u001b(B\u001b[minstalling component 'rust-docs'\r\n"
    ],
    [
      4.058617,
      "\r\n"
    ],
    [
      0.128275,
      "  \u001b[1m\u001b[32mnightly-x86_64-unknown-linux-gnu installed\u001b(B\u001b[m - rustc 1.22.0-nightly (ddd123ed9 2017-09-09)\r\n\r\n"
    ],
    [
      0.004187,
