{
  "version": 1,
  "width": 80,
  "height": 25,
  "duration": 159.902697,
  "command": null,
  "title": null,
  "env": {
    "TERM": "xterm-256color",
    "SHELL": "/bin/bash"
  },
  "stdout": [
    [
      4.577347,
      "\u001b[?1034h\u001b[0;32m✔\u001b[0;0m \u001b[0;33m~/Dev/talks/hello_rust/videos\u001b[0;0m [\u001b[0;35mmaster\u001b[0;0m ↑·2\u001b[0;0m|\u001b[0;34m✚ 2\u001b[0;0m\u001b[0;36m…52\u001b[0;0m\u001b[0;0m] \r\r\n\u001b[0;37m20:02\u001b[0;0m $ "
    ],
    [
      9.561296,
      "docker"
    ],
    [
      6.9e-05,
      " run --rm --"
    ],
    [
      3.4e-05,
      "name"
    ],
    [
      2.8e-05,
      " h"
    ],
    [
      2.5e-05,
      "el"
    ],
    [
      2.5e-05,
      "lo"
    ],
    [
      4.4e-05,
      "_"
    ],
    [
      5.5e-05,
      "rus"
    ],
    [
      0.000113,
      "t -it b"
    ],
    [
      2.7e-05,
      "o"
    ],
    [
      2.3e-05,
      "o"
    ],
    [
      7.1e-05,
      "y"
    ],
    [
      3.3e-05,
      "aa/h"
    ],
    [
      3e-05,
      "e"
    ],
    [
      2.7e-05,
      "ll"
    ],
    [
      2.5e-05,
      "o"
    ],
    [
      5e-05,
      "_r"
    ],
    [
      2.9e-05,
      "u"
    ],
    [
      2.8e-05,
      "st"
    ],
    [
      4.8e-05,
      ":"
    ],
    [
      3.4e-05,
      "ru"
    ],
    [
      2.4e-05,
      "s"
    ],
    [
      2.6e-05,
      "t"
    ],
    [
      2.4e-05,
      "u"
    ],
    [
      2.4e-05,
      "p\r\n"
    ],
    [
      0.762993,
      "\r\n"
    ],
    [
      0.091019,
      "\u001b]0;ferris@28d449e041a1: ~\u0007ferris@28d449e041a1:~$ \r\n"
    ],
    [
      0.000519,
      "\u001b]0;ferris@28d449e041a1: ~\u0007ferris@28d449e041a1:~$ "
    ],
    [
      3.829817,
      "source $HOME/.cargo/env && export USER=ferris && clear\r\n"
    ],
    [
      0.001968,
      "\u001b[3;J\u001b[H\u001b[2J\u001b]0;ferris@28d449e041a1: ~\u0007ferris@28d449e041a1:~$ \u001b[K"
    ],
    [
      2.515323,
      "r"
    ],
    [
      0.144787,
      "u"
    ],
    [
      0.102966,
      "s"
    ],
    [
      0.035277,
      "t"
    ],
    [
      0.080098,
      "u"
    ],
    [
      0.05138,
      "p"
    ],
    [
      0.651335,
      " "
    ],
    [
      0.107549,
      "s"
    ],
    [
      0.121279,
      "h"
    ],
    [
      0.047175,
      "o"
    ],
    [
      0.083531,
      "w"
    ],
    [
      0.25688,
      "\r\n"
    ],
    [
      0.009346,
      "\u001b[1mDefault host: \u001b(B\u001b[mx86_64-unknown-linux-gnu\r\n\r\n"
    ],
    [
      0.010569,
      "stable-x86_64-unknown-linux-gnu (default)\r\n"
    ],
    [
      0.052635,
      "rustc 1.20.0 (f3d6973f4 2017-08-27)\r\n"
    ],
    [
      0.001612,
      "\u001b]0;ferris@28d449e041a1: ~\u0007ferris@28d449e041a1:~$ "
    ],
    [
      4.616087,
      "rustup install nightly\r\n"
    ],
    [
      0.004643,
      "\u001b[1m"
    ],
    [
      0.000644,
      "info: \u001b(B\u001b[m"
    ],
    [
      0.000311,
      "syncing channel updates for 'nightly-x86_64-unknown-linux-gnu'"
    ],
    [
      0.000132,
      "\r\n"
    ],
    [
      0.423541,
      "\u001b[1minfo: \u001b(B\u001b[mlatest update on "
    ],
    [
      0.000434,
      "2017-09-19, rust version 1.22.0-nightly (0701b37d9 2017-09-18)\r\n"
    ],
    [
      0.000865,
      "\u001b[1m"
    ],
    [
      0.00046,
      "info: "
    ],
    [
      0.003071,
      "\u001b(B\u001b[mdownloading component 'rustc'\r\n"
    ],
    [
      1.023522,
      "  3.9 MiB /  39.7 MiB ( 10 %)   0 B/s ETA: Unknown                "
    ],
    [
      1.001586,
      "\r  8.2 MiB /  39.7 MiB ( 21 %)   3.9 MiB/s ETA:   8 s                "
    ],
    [
      1.026804,
      "\r 12.0 MiB /  39.7 MiB ( 30 %)   4.1 MiB/s ETA:   7 s                "
    ],
    [
      0.999131,
      "\r 16.2 MiB /  39.7 MiB ( 41 %)   4.0 MiB/s ETA:   6 s                "
    ],
    [
      1.027352,
      "\r 20.4 MiB /  39.7 MiB ( 51 %)   4.1 MiB/s ETA:   5 s                "
    ],
    [
      1.00234,
      "\r 24.2 MiB /  39.7 MiB ( 61 %)   4.1 MiB/s ETA:   4 s                "
    ],
    [
      1.002357,
      "\r 28.3 MiB /  39.7 MiB ( 71 %)   4.1 MiB/s ETA:   3 s                "
    ],
    [
      1.05215,
      "\r 32.8 MiB /  39.7 MiB ( 83 %)   4.0 MiB/s ETA:   2 s                "
    ],
    [
      1.056349,
      "\r 36.8 MiB /  39.7 MiB ( 93 %)   4.1 MiB/s ETA:   1 s                "
    ],
    [
      0.909663,
      "\r 39.7 MiB /  39.7 MiB (100 %)   4.1 MiB/s ETA:   0 s                "
    ],
    [
      0.000422,
      "\r"
    ],
    [
      0.000346,
      "\r\n"
    ],
    [
      0.004951,
      "\u001b[1m"
    ],
    [
      0.00041,
      "info: "
    ],
    [
      0.000491,
      "\u001b(B\u001b[m"
    ],
    [
      0.000353,
      "downloading component '"
    ],
    [
      0.0005,
      "rust-std'\r\n"
    ],
    [
      1.167352,
      "  4.5 MiB /  56.7 MiB (  8 %)   0 B/s ETA: Unknown                "
    ],
    [
      1.050739,
      "\r  8.7 MiB /  56.7 MiB ( 15 %)   4.5 MiB/s ETA:  11 s                "
    ],
    [
      1.045129,
      "\r 13.0 MiB /  56.7 MiB ( 23 %)   4.4 MiB/s ETA:  10 s                "
    ],
    [
      1.046796,
      "\r 17.1 MiB /  56.7 MiB ( 30 %)   4.3 MiB/s ETA:   9 s                "
    ],
    [
      1.049322,
      "\r 21.1 MiB /  56.7 MiB ( 37 %)   4.3 MiB/s ETA:   8 s                "
    ],
    [
      1.049007,
      "\r 25.1 MiB /  56.7 MiB ( 44 %)   4.2 MiB/s ETA:   7 s                "
    ],
    [
      1.054384,
      "\r 29.4 MiB /  56.7 MiB ( 52 %)   4.1 MiB/s ETA:   7 s                "
    ],
    [
      1.047015,
      "\r 33.4 MiB /  56.7 MiB ( 59 %)   4.1 MiB/s ETA:   6 s                "
    ],
    [
      1.043978,
      "\r 37.6 MiB /  56.7 MiB ( 66 %)   4.1 MiB/s ETA:   5 s                "
    ],
    [
      1.04879,
      "\r 41.7 MiB /  56.7 MiB ( 73 %)   4.1 MiB/s ETA:   4 s                "
    ],
    [
      1.049567,
      "\r 46.0 MiB /  56.7 MiB ( 81 %)   4.1 MiB/s ETA:   3 s                "
    ],
    [
      1.045413,
      "\r 49.9 MiB /  56.7 MiB ( 88 %)   4.2 MiB/s ETA:   2 s                "
    ],
    [
      1.052327,
      "\r 53.7 MiB /  56.7 MiB ( 95 %)   4.1 MiB/s ETA:   1 s                "
    ],
    [
      1.25091,
      "\r 56.7 MiB /  56.7 MiB (100 %)   4.1 MiB/s ETA:   0 s                "
    ],
    [
      0.00021,
      "\r"
    ],
    [
      0.000729,
      "\r\n"
    ],
    [
      0.001562,
      "\u001b[1m"
    ],
    [
      0.000748,
      "info: "
    ],
    [
      0.000295,
      "\u001b(B\u001b[m"
    ],
    [
      0.000539,
      "downloading component 'cargo'\r\n"
    ],
    [
      1.031997,
      "  3.0 MiB /   3.7 MiB ( 80 %)   0 B/s ETA: Unknown                "
    ],
    [
      0.231504,
      "\r  3.7 MiB /   3.7 MiB (100 %)   3.0 MiB/s ETA:   0 s                \r\r\n"
    ],
    [
      0.002874,
      "\u001b[1minfo: \u001b(B\u001b[mdownloading component 'rust-docs'\r\n"
    ],
    [
      1.031745,
      "  3.5 MiB /   4.1 MiB ( 86 %)   0 B/s ETA: Unknown                "
    ],
    [
      0.174722,
      "\r  4.1 MiB /   4.1 MiB (100 %)   3.5 MiB/s ETA:   0 s                \r\r\n\u001b[1minfo: \u001b(B\u001b[minstalling component 'rustc'\r\n"
    ],
    [
      5.691168,
      "\u001b[1minfo: \u001b(B\u001b[minstalling component 'rust-std'\r\n"
    ],
    [
      9.471952,
      "\u001b[1minfo: \u001b(B\u001b[minstalling component 'cargo'\r\n"
    ],
    [
      0.771546,
      "\u001b[1minfo: \u001b(B\u001b[minstalling component 'rust-docs'\r\n"
    ],
    [
      3.926866,
      "\r\n"
    ],
    [
      0.123612,
      "  \u001b[1m\u001b[32mnightly-x86_64-unknown-linux-gnu installed\u001b(B\u001b[m - rustc 1.22.0-nightly (0701b37d9 2017-09-18)\r\n\r\n"
    ],
    [
      0.000671,
      "\u001b]0;ferris@28d449e041a1: ~\u0007ferris@28d449e041a1:~$ "
    ],
    [
      2.655398,
      "r"
    ],
    [
      0.162638,
      "u"
    ],
    [
      0.103751,
      "s"
